run_type,n_samples,m_points,status,train_time,train_times,pred_time,pred_times,RMSE,R2,cpu_model,gpu_model,ram_total_gb,gpu_vram_gb,python_version,torch_version,falkon_version
Falkon (GPU),5000000,22360,Success,61.13681259155273,"[61.841047286987305, 61.20423150062561, 60.904144287109375, 60.90448999404907, 60.83014988899231]",0.010785770416259766,"[0.01116943359375, 0.010334491729736328, 0.010875225067138672, 0.011230707168579102, 0.010318994522094727]",5.282076076931789,0.9069234728813171,Intel(R) Xeon(R) CPU @ 2.20GHz,NVIDIA A100-SXM4-40GB,83.4760627746582,39.55743408203125,3.11.13,2.2.0+cu121,0.8.5
